"","dbSNP","ID","Chromosome","Position_hg37","Position_hg38","Positive_Allele","Positive_Effect_Size","PrCA_Adjust_Beta","PrCA_Adjust_Pvalue","Change_in_Beta","Region","Nearest_Gene","Effect_Allele","Reference_Allele","EAF","PrCA_GWAS_Beta","PrCA_GWAS_Pvalue","rsID"
"1","rs10107982","chr8:127306510:T:C",8,128318755,127306510,"T",0.0464,0.960179247469402,2.34633760390893e-05,-0.00414386646061371,"8q24.21","CASC8","T","C",0.728,0.1432,4.648e-64,"rs10107982"
"2","rs1016343","chr8:127081052:C:T",8,128093297,127081052,"T",0.0349,0.967620645799614,2.07164113188114e-05,0.00329753186959847,"8q24.21","PCAT2","T","C",0.205,0.2233,2.36e-138,"rs1016343"
"3","rs10193919","chr2:20681073:C:T",2,20880833,20681073,"T",0.0305,0.969223605052664,2.00363721357284e-05,0.00490049112264812,"2p24.1","LDAH","T","C",0.345,0.0708,1.363e-19,"rs10193919"
"4","rs10250340","chr7:27443547:G:A",7,27483166,27443547,"A",0.0228,0.967368814770358,2.08173670543266e-05,0.00304570084034272,"7p15.2","EIF4HP1","A","G",0.321,0.0236,0.002857,"rs10250340"
"5","rs1045542","chr12:118417627:G:A",12,118855432,118417627,"G",0.047,0.960306202343678,2.37463452178891e-05,-0.00401691158633732,"12q24.23","SUDS3","G","A",0.907,-0.0018,0.8909,"rs1045542"
"6","rs10466455","chr11:34759389:T:C",11,34780936,34759389,"C",0.0379,0.948076683661287,2.8519498250946e-05,-0.0162464302687292,"11p13","LOC102723568","C","T",0.397,0.0093,0.2264,"rs10466455"
"7","rs1054713","chr19:50820245:A:G",19,51323501,50820245,"A",0.0369,0.972752673025803,1.92793096091024e-05,0.00842955909578691,"19q13.33","KLK1","A","G",0.324,0.0221,0.00513,"rs1054713"
"8","rs10749415","chr10:121425789:G:A",10,123185303,121425789,"A",0.1078,0.953723321258292,2.71586061507153e-05,-0.0105997926717242,"10q26.13","RN7SKP167","A","G",0.92,0.0947,3.174e-08,"rs10749415"
"9","rs10774760","chr12:114662000:G:A",12,115099805,114662000,"G",0.0415,0.968218685521136,2.07215651697747e-05,0.00389557159111986,"12q24.21","Y_RNA","G","A",0.504,0.0258,0.000813,"rs10774760"
"10","rs10788173","chr10:121375686:C:T",10,123135200,121375686,"C",0.0206,0.972721213833761,1.94259128356409e-05,0.00839809990374529,"10q26.13","RN7SKP167","C","T",0.403,-0.0015,0.8527,"rs10788173"
"11","rs10855058","chrX:55910389:A:G",23,55936822,55910389,"A",0.0185,0.96736635228035,2.12990486636597e-05,0.00304323835033404,"Xp11.21","KLF8","A","G",0.322,0.0212,0.0005674,"rs10855058"
"12","rs10886902","chr10:121289750:T:C",10,123049264,121289750,"C",0.0994,0.962396114323649,2.32002398362999e-05,-0.001926999606367,"10q26.12","LINC01153","C","T",0.231,-0.058,5.4e-11,"rs10886902"
"13","rs10993994","chr10:46046326:A:G",10,51549496,46046326,"A",0.0856,0.958812257504796,2.45102938561753e-05,-0.00551085642521987,"10q11.23","MSMB","T","C",0.402,0.2057,9.11e-165,"rs10993994"
"14","rs11067251","chr12:114717655:G:T",12,115155460,114717655,"G",0.022,0.953330490636866,2.66338807670847e-05,-0.0109926232931493,"12q24.21","TBX3-AS1","G","T",0.584,0.0069,0.3927,"rs11067251"
"15","rs11084590","chr19:31564118:C:T",19,32055024,31564118,"C",0.0347,0.967224400067518,2.12223969642018e-05,0.00290128613750251,"19q12","CTD-2050I18.1","C","T",0.691,-0.0033,0.6858,"rs11084590"
"16","rs112062538","chrX:8944774:T:C",23,8912815,8944774,"C",0.0288,0.956795657482158,2.54349213879331e-05,-0.00752745644785791,"Xp22.31","RP11-66N5.2","C","T",0.261,0.0181,0.002516,"rs112062538"
"17","rs112103380","chr19:50875019:G:C",19,51378275,50875019,"C",0.2118,0.937471644181532,3.37542884595128e-05,-0.0268514697484836,"19q13.33","KLK2","C","G",0.008,0.1384,0.003572,"rs112103380"
"18","rs1123695","chr2:42845688:G:C",2,43072828,42845688,"G",0.0311,0.95813937141764,2.42351652018203e-05,-0.00618374251237541,"2p21","CHORDC1P1","G","C",0.659,0.0429,5.272e-08,"rs1123695"
"19","rs112635299","chr14:94371805:G:T",14,94838142,94371805,"G",0.1055,0.958970562946732,2.44382406096111e-05,-0.0053525509832838,"14q32.13","SERPINA1","G","T",0.979,0.135,1.674e-06,"rs112635299"
"20","rs11342220","chr8:80899331:CA:C",8,81811566,80899331,"CA",0.0235,0.965522903103785,2.16880269988194e-05,0.00119978917376973,"8q21.13","ZNF704","CA","C",0.59,-0.0135,0.07195,"rs11342220"
"21","rs113920094","chr19:50846585:T:C",19,51349841,50846585,"C",0.1443,0.965736249374942,2.1524702880632e-05,0.00141313544492672,"19q13.33","LOC105372441","C","T",0.007,0.1036,0.08319,"rs113920094"
"22","rs1160267","chr8:23672008:G:A",8,23529521,23672008,"G",0.0699,0.929088926554569,3.97261678108784e-05,-0.0352341873754468,"8p21.2","NKX3-1","G","A",0.43,0.1314,2.035e-68,"rs1160267"
"23","rs11679946","chr2:71832374:T:C",2,72059504,71832374,"T",0.0216,0.963474930108691,2.28903199993244e-05,-0.000848183821324566,"2p13.2","DYSF","T","C",0.674,0.0141,0.08752,"rs11679946"
"24","rs11709611","chr3:128348432:T:C",3,128067275,128348432,"C",0.0363,0.970310164127718,2.01694288405898e-05,0.00598705019770218,"3q21.3","EEFSEC","C","T",0.12,0.0989,4.079e-18,"rs11709611"
"25","rs11899863","chr2:43391680:C:T",2,43618819,43391680,"C",0.045,0.955256034178559,2.55334471435508e-05,-0.00906707975145649,"2p21","THADA","C","T",0.902,0.0567,1.046e-05,"rs11899863"
"26","rs12034581","chr1:219521561:C:A",1,219694903,219521561,"C",0.0254,0.976875510965089,1.83765837183171e-05,0.0125523970350736,"1q41","RP11-95P13.2","C","A",0.495,9e-04,0.9053,"rs12034581"
"27","rs12046452","chr1:184222582:C:T",1,184191716,184222582,"C",0.0213,0.958389196886661,2.42762982636348e-05,-0.00593391704335477,"1q25.3","Y_RNA","C","T",0.622,0.0374,3.241e-06,"rs12046452"
"28","rs12285347","chr11:102525876:T:C",11,102396607,102525876,"C",0.0379,0.957134688642648,2.44409287364794e-05,-0.00718842528736729,"11q22.2","MMP7","C","T",0.452,-0.0725,4.013e-21,"rs12285347"
"29","rs12629450","chr3:187029206:G:C",3,186746994,187029206,"C",0.0306,0.95315509710447,2.64770218792188e-05,-0.0111680168255459,"3q27.3","ST6GAL1","C","G",0.171,0.0105,0.3154,"rs12629450"
"30","rs12710685","chr2:18730408:G:C",2,18911674,18730408,"G",0.0332,0.964462626057839,2.22070503661412e-05,0.000139512127823482,"2p24.2","AC106053.1","G","C",0.105,0.001,0.9395,"rs12710685"
"31","rs12983994","chr19:50870488:C:T",19,51373744,50870488,"T",0.0706,0.964215952052342,2.20923648928858e-05,-0.000107161877673456,"19q13.33","KLK2","T","C",0.05,0.0191,0.2753,"rs12983994"
"32","rs13115840","chr4:156576769:G:A",4,157497921,156576769,"A",0.0312,0.969042460206462,2.07404739926587e-05,0.0047193462764461,"4q32.1","LINC02272","A","G",0.355,0.0146,0.06102,"rs13115840"
"33","rs13268","chr22:45600418:A:G",22,45996298,45600418,"A",0.08,0.965867970336169,2.18370149174067e-05,0.00154485640615376,"22q13.31","FBLN1","A","G",0.976,0.0176,0.4693,"rs13268"
"34","rs13334022","chr16:86521178:C:T",16,86554784,86521178,"T",0.0417,0.967504074010993,2.11499576967926e-05,0.00318096008097724,"16q24.1","RPL7A","T","C",0.109,-0.0026,0.8588,"rs13334022"
"35","rs1361057","chr13:73481166:T:C",13,74055303,73481166,"C",0.0225,0.957595738684688,2.48894336235924e-05,-0.00672737524532818,"13q22.1","LINC00393","C","T",0.261,0.0194,0.02587,"rs1361057"
"36","rs141135092","chr19:50918078:C:G",19,51421334,50918078,"C",0.0905,0.96645095523604,2.1232744116561e-05,0.00212784130602472,"19q13.41","KLK4","C","G",0.976,0.0513,0.09705,"rs141135092"
"37","rs1494920","chr8:107837299:T:C",8,108849527,107837299,"T",0.0201,0.969152514437202,2.08202103162771e-05,0.00482940050718594,"8q23.1","RNA5SP275","T","C",0.604,0.0161,0.04084,"rs1494920"
"38","rs150402584","chr9:115495801:TG:T",9,118258080,115495801,"T",0.035,0.963658837137797,2.25085413712306e-05,-0.000664276792218477,"9q33.1","DEC1","T","TG",0.129,0.0114,0.3494,"rs150402584"
"39","rs1535507","chr6:43744244:T:C",6,43711981,43744244,"T",0.048,0.960474116875272,2.37511225618019e-05,-0.00384899705474329,"6p21.1","POLR1C","T","C",0.164,0.0508,4.813e-07,"rs1535507"
"40","rs1582874","chr3:141396377:T:C",3,141115219,141396377,"C",0.0302,0.953325524209552,2.66020640206535e-05,-0.0109975897204641,"3q23","ZBTB38","C","T",0.442,0.0452,1.834e-09,"rs1582874"
"41","rs17437810","chr7:27242173:G:A",7,27281792,27242173,"A",0.0773,0.963713793471222,2.22845186114264e-05,-0.000609320458793694,"7p15.2","EVX1,EVX1-AS","A","G",0.021,0.0542,0.03663,"rs17437810"
"42","rs17632542","chr19:50858501:T:C",19,51361757,50858501,"T",0.3675,1.08885947753683,2.34311962980023e-06,0.124536363606816,"19q13.33","KLK3","T","C",0.924,0.3021,8.28e-90,"rs17632542"
"43","rs1805664","chr12:9069690:C:T",12,9222286,9069690,"T",0.0221,0.962390528070397,2.30874144629487e-05,-0.00193258585961886,"12p13.31","A2M,KLRG1","T","C",0.334,0.0065,0.4209,"rs1805664"
"44","rs1857279","chr10:23109519:G:C",10,23398448,23109519,"C",0.025,0.979332621621466,1.76814527604113e-05,0.0150095076914498,"10p12.2","MSRB2","C","G",0.662,0.0203,0.01028,"rs1857279"
"45","rs198978","chr19:50879816:G:T",19,51383072,50879816,"G",0.0438,0.969737196920287,2.01595548108594e-05,0.00541408299027135,"19q13.33","KLK2","G","T",0.642,-0.0046,0.5527,"rs198978"
"46","rs200615037","chrX:17813068:TTG:T",23,17831188,17813068,"TTG",0.0659,0.962012405928035,2.29214288222791e-05,-0.00231070800198085,"Xp22.13","RAI2","TTG","T",0.95,0.0566,0.0001154,"rs200615037"
"47","rs202346","chr13:50513307:C:A",13,51087443,50513307,"A",0.0444,0.975038108129237,1.8324468233146e-05,0.0107149941992213,"13q14.3","DLEU1","A","C",0.253,0.0385,5.263e-06,"rs202346"
"48","rs204592","chr7:20870003:A:G",7,20909622,20870003,"G",0.022,0.972549442350228,1.95562310826567e-05,0.00822632842021243,"7p15.3","LINC01162","G","A",0.517,0.0481,9.788e-11,"rs204592"
"49","rs2076591","chr1:111721652:T:C",1,112264274,111721652,"C",0.0317,0.964810022859989,2.2196105022159e-05,0.000486908929973606,"1p13.2","INKA2","C","T",0.216,0.0235,0.01224,"rs2076591"
"50","rs2248162","chr6:29947284:T:C",6,29915061,29947284,"C",0.0248,0.956717683254502,2.52373670200391e-05,-0.00760543067551389,"6p22.1","HLA-A","C","T",0.666,0.0369,2.943e-06,"rs2248162"
"51","rs236961","chr6:16514923:C:T",6,16515154,16514923,"T",0.0258,0.983355938875766,1.62348583718631e-05,0.0190328249457501,"6p22.3","ATXN1","T","C",0.353,-0.0333,3.008e-05,"rs236961"
"52","rs251739","chr16:4268205:A:G",16,4318206,4268205,"G",0.0331,0.959033393017883,2.47704082933928e-05,-0.00528972091213287,"16p13.3","TFAP4","G","A",0.506,0.0327,1.229e-05,"rs251739"
"53","rs2520386","chrX:69776342:A:G",23,68996186,69776342,"G",0.0226,0.967433260048663,2.05646577792577e-05,0.00311014611864724,"Xq13.1","EDA","G","A",0.735,0.015,0.02515,"rs2520386"
"54","rs2556375","chr2:60532612:G:T",2,60759747,60532612,"G",0.0569,0.955358521595465,2.5210680347338e-05,-0.00896459233455071,"2p16.1","BCL11A","G","T",0.176,-0.0187,0.07944,"rs2556375"
"55","rs2659053","chr19:50837538:G:A",19,51340794,50837538,"A",0.078,0.955883513264168,2.52859516433922e-05,-0.00843960066584759,"19q13.33","KLK15","A","G",0.405,0.0602,9.763e-15,"rs2659053"
"56","rs2735837","chr19:50862210:A:G",19,51365466,50862210,"G",0.0982,0.96938892412875,2.00975462150032e-05,0.0050658101987342,"19q13.33","KLK2","G","A",0.871,0.054,0.0001331,"rs2735837"
"57","rs2815506","chr10:27807825:G:A",10,28096754,27807825,"A",0.0363,0.957855674048362,2.49960697121993e-05,-0.00646743988165366,"10p12.1","ARMC4","A","G",0.804,0.0305,0.001688,"rs2815506"
"58","rs2836750","chr21:38917243:T:G",21,40289167,38917243,"T",0.0268,0.963749081356425,2.25623330234122e-05,-0.00057403257359101,"21q22.2","AF064858.6","T","G",0.401,0.0371,3.455e-06,"rs2836750"
"59","rs291671","chr20:33363039:G:A",20,31950845,33363039,"G",0.0527,0.980284871609408,1.74346441182294e-05,0.0159617576793923,"20q11.21","CDK5RAP1","G","A",0.114,0.0312,0.01511,"rs291671"
"60","rs2928681","chr8:23580468:C:A",8,23437981,23580468,"C",0.0314,0.965601911181766,2.18657774688817e-05,0.00127879725174984,"8p21.2","SLC25A37","C","A",0.413,0.0473,3.187e-10,"rs2928681"
"61","rs3011633","chr10:22075050:T:C",10,22363979,22075050,"C",0.0396,0.97731342329886,1.78197891838269e-05,0.0129903093688446,"10p12.31","DNAJC1","C","T",0.221,0.0114,0.2087,"rs3011633"
"62","rs3012065","chr10:125049010:T:C",10,126737579,125049010,"C",0.0218,0.962796104963138,2.25235490511535e-05,-0.00152700896687807,"10q26.13","CTBP2","C","T",0.32,0.0435,1.072e-07,"rs3012065"
"63","rs34009884","chr17:7890049:CTG:C",17,7793367,7890049,"C",0.0354,0.96598418359685,2.17707850464232e-05,0.00166106966683466,"17p13.1","CHD3","C","CTG",0.104,0.0947,1.209e-12,"rs68076797"
"64","rs34388051","chr2:198064359:G:A",2,198929083,198064359,"A",0.0218,0.965040017075383,2.16351215649527e-05,0.000716903145367653,"2q33.1","PLCL1","A","G",0.671,0.0032,0.707,"rs34388051"
"65","rs36112366","chr8:56226117:T:G",8,57138676,56226117,"T",0.0371,0.957466163346483,2.4272940203607e-05,-0.00685695058353286,"8q12.1","RP11-140I16.3","T","G",0.886,0.0242,0.04541,"rs36112366"
"66","rs401681","chr5:1321972:C:T",5,1322087,1321972,"C",0.0585,0.962234419253614,2.29396392069289e-05,-0.00208869467640149,"5p15.33","CLPTM1L","C","T",0.56,0.0357,3.972e-06,"rs401681"
"67","rs4276269","chr4:24408401:G:A",4,24410024,24408401,"G",0.0229,0.958159208008165,2.44320568615109e-05,-0.0061639059218509,"4p15.2","PPARGC1A","G","A",0.263,-0.0107,0.2415,"rs4276269"
"68","rs45631563","chr10:121589810:A:T",10,123349324,121589810,"T",0.0886,0.973491434742576,1.9010005762644e-05,0.00916832081256014,"10q26.13","FGFR2","T","A",0.045,0.0596,0.0009373,"rs45631563"
"69","rs4682495","chr3:113571946:A:C",3,113290793,113571946,"A",0.0214,0.95505549479158,2.56651316447566e-05,-0.00926761913843555,"3q13.2","SIDT1","A","C",0.573,0.0834,1.731e-28,"rs4682495"
"70","rs4738555","chr8:56921798:C:T",8,57834357,56921798,"C",0.0306,0.96011286999104,2.34565768727489e-05,-0.00421024393897573,"8q12.1","RNU6-13P","C","T",0.434,0.0189,0.01723,"rs4738555"
"71","rs4829762","chrX:133801712:C:T",23,132935739,133801712,"T",0.0237,0.99060488727806,1.48725713025941e-05,0.0262817733480439,"Xq26.2","GPC3","T","C",0.704,0.0182,0.003754,"rs4829762"
"72","rs4845681","chr1:154895579:G:T",1,154868055,154895579,"T",0.0215,0.963594458051412,2.22433443355178e-05,-0.000728655878603823,"1q21.3","KCNN3","T","G",0.412,0.0533,2.498e-12,"rs4845681"
"73","rs4951018","chr1:205667206:A:C",1,205636334,205667206,"C",0.0317,0.976302108586182,1.81772867033177e-05,0.0119789946561661,"1q32.1","SLC45A3","C","A",0.23,0.0448,6.192e-07,"rs4951018"
"74","rs4986790","chr9:117713024:A:G",9,120475302,117713024,"A",0.0649,0.969886974709232,2.03070749768131e-05,0.00556386077921633,"9q33.1","TLR4","A","G",0.942,0.0405,0.01222,"rs4986790"
"75","rs58015965","chr11:76442235:G:A",11,76153279,76442235,"G",0.0211,0.972390692021919,1.92558819685225e-05,0.00806757809190284,"11q13.5","EMSY","G","A",0.688,0.0546,8.27e-12,"rs58015965"
"76","rs5930651","chrX:134569894:T:C",23,133703924,134569894,"T",0.0174,0.966397240210701,2.19091534592382e-05,0.00207412628068571,"Xq26.3","PLAC1","T","C",0.665,0.0095,0.1279,"rs5930651"
"77","rs5987424","chrX:51499512:A:G",23,51242364,51499512,"A",0.0167,0.961626105435522,2.32828640021553e-05,-0.00269700849449372,"Xp11.22","LINC01496","A","G",0.384,0.1008,1.08e-78,"rs5987424"
"78","rs61928422","chr12:84600221:C:T",12,84994000,84600221,"T",0.0274,0.962095842641842,2.27558652399457e-05,-0.00222727128817379,"12q21.31","SLC6A15","T","C",0.169,0.0217,0.03098,"rs61928422"
"79","rs61965887","chr13:95146752:G:A",13,95799006,95146752,"A",0.0589,0.959189187028903,2.38643638696715e-05,-0.00513392690111258,"13q32.1","ABCC4","A","G",0.062,-0.0546,0.001163,"rs61965887"
"80","rs62586587","chrX:16826708:G:A",23,16844831,16826708,"G",0.0306,0.9464146314523,2.91838836126597e-05,-0.0179084824777153,"Xp22.2","TXLNG","G","A",0.614,0.0178,0.001154,"rs62586587"
"81","rs62608084","chrX:70905253:G:A",23,70125103,70905253,"A",0.0317,0.978328825287086,1.727881591844e-05,0.0140057113570698,"Xq13.1","TEX11","A","G",0.334,0.0421,1.369e-14,"rs62608084"
"82","rs6509234","chr19:45726453:T:G",19,46229711,45726453,"G",0.028,0.970683403988868,2.00175979755414e-05,0.00636029005885219,"19q13.32","FBXO46","G","T",0.822,0.0089,0.3581,"rs6509234"
"83","rs6664688","chr1:219780925:G:A",1,219954267,219780925,"G",0.0248,0.964768454642164,2.20943179261416e-05,0.000445340712148523,"1q41","SLC30A10","G","A",0.216,-0.0268,0.005914,"rs6664688"
"84","rs67152137","chr7:27936300:G:C",7,27975919,27936300,"G",0.0479,0.957925860847599,2.42017146702918e-05,-0.00639725308241657,"7p15.2","JAZF1","G","C",0.74,0.1361,3.157e-53,"rs67152137"
"85","rs6765473","chr3:189764981:T:C",3,189482770,189764981,"T",0.0367,0.955577024157859,2.53727184450964e-05,-0.00874608977215696,"3q28","TP63","T","C",0.881,0.0065,0.6063,"rs6765473"
"86","rs681343","chr19:48703205:C:T",19,49206462,48703205,"T",0.02,0.976014171115736,1.86796040671395e-05,0.0116910571857205,"19q13.33","FUT2","T","C",0.483,0.0055,0.4733,"rs681343"
"87","rs6956349","chr7:21800278:C:T",7,21839896,21800278,"T",0.0213,0.958986958295199,2.42629296737222e-05,-0.00533615563481638,"7p15.3","DNAH11","T","C",0.427,0.0295,8.882e-05,"rs6956349"
"88","rs6983267","chr8:127401060:G:T",8,128413305,127401060,"G",0.0513,0.963146902668213,2.21913246742918e-05,-0.00117621126180256,"8q24.21","CASC8","G","T",0.512,0.2032,2.84e-164,"rs6983267"
"89","rs7020681","chr9:96384469:T:C",9,99146751,96384469,"C",0.0271,0.97295216074815,1.93503037488924e-05,0.00862904681813426,"9q22.32","SLC35D2","C","T",0.214,0.0186,0.05171,"rs7020681"
"90","rs7065158","chrX:24091502:A:G",23,24109619,24091502,"A",0.0362,0.964847430724684,2.19703344947644e-05,0.0005243167946688,"Xp22.11","EIF2S3","A","G",0.311,0.01,0.1014,"rs7065158"
"91","rs7103852","chr11:197557:A:G",11,197557,197557,"G",0.0407,0.972147956600087,1.97473924689563e-05,0.00782484267007177,"11p15.5","ODF3","G","A",0.878,-3e-04,0.983,"rs7103852"
"92","rs712329","chr14:36771386:G:A",14,37240591,36771386,"G",0.0205,0.969400278662221,2.07752546097039e-05,0.0050771647322051,"14q13.3","SLC25A21","G","A",0.432,0.0124,0.1069,"rs712329"
"93","rs7129424","chr11:102568047:G:A",11,102438778,102568047,"A",0.0242,0.953311922250923,2.64787974425393e-05,-0.0110111916790924,"11q22.2","MMP20","A","G",0.559,-0.0239,0.001836,"rs7129424"
"94","rs7206309","chr16:77473378:C:T",16,77507275,77473378,"C",0.0386,0.9702029445097,2.05956841573213e-05,0.00587983057968477,"16q23.1","LOC105376775","C","T",0.316,0.0015,0.8607,"rs7206309"
"95","rs7219536","chr17:12417424:C:T",17,12320741,12417424,"T",0.0252,0.959496970194897,2.38980730620552e-05,-0.00482614373511858,"17p12","LINC00670","T","C",0.495,0.0095,0.2421,"rs7219536"
"96","rs72695000","chr14:94638408:C:T",14,95104745,94638408,"C",0.0535,0.963931400060243,2.20188157466574e-05,-0.000391713869772325,"14q32.13","ADIPOR1P2","C","T",0.825,0.0379,0.0002797,"rs72695000"
"97","rs734693","chr2:25241002:C:T",2,25463871,25241002,"T",0.0226,0.9606107181849,2.37378859445742e-05,-0.00371239574511528,"2p23.3","DNMT3A","T","C",0.715,0.0127,0.1648,"rs734693"
"98","rs73583119","chr6:128846912:A:T",6,129168057,128846912,"A",0.1927,0.964023116707207,2.24018604123916e-05,-0.000299997222808712,"6q22.33","LAMA2","A","T",0.929,NA,NA,NA
"99","rs74097857","chr12:65999976:T:C",12,66393756,65999976,"T",0.0334,0.962569439669977,2.31164035731526e-05,-0.00175367426003903,"12q14.3","HMGA2","T","C",0.872,0.0532,2.12e-06,"rs74097857"
"100","rs7705526","chr5:1285859:C:A",5,1285974,1285859,"A",0.0233,0.959744051863426,2.40495869204901e-05,-0.00457906206658976,"5p15.33","TERT","A","C",0.331,-0.0598,1.596e-12,"rs7705526"
"101","rs7732515","chr5:92716298:T:A",5,92052005,92716298,"A",0.0334,0.968927091229502,2.06003883993514e-05,0.00460397729948681,"5q14.3","LDHBP3","A","T",0.227,0.0163,0.08391,"rs7732515"
"102","rs78378222","chr17:7668434:T:G",17,7571752,7668434,"G",0.1117,0.965722465462336,2.13781937317695e-05,0.00139935153232074,"17p13.1","TP53","G","T",0.012,0.227,4.777e-11,"rs78378222"
"103","rs7843726","chr8:126805215:C:G",8,127817460,126805215,"G",0.0296,0.974312968148502,1.91684142672094e-05,0.00998985421848586,"8q24.21","LOC105375751","G","C",0.145,0.0475,7.835e-06,"rs7843726"
"104","rs80122351","chr19:50938169:G:T",19,51441425,50938169,"G",0.0303,0.969372454371054,2.09036813499521e-05,0.00504934044103844,"19q13.41","KLK5","G","T",0.804,0.0092,0.3253,"rs80122351"
"105","rs8038722","chr15:66649061:A:G",15,66941399,66649061,"G",0.02,0.964691207989648,2.22326568174255e-05,0.000368094059632118,"15q22.31","LINC01169","G","A",0.499,0.0148,0.04883,"rs8038722"
"106","rs889017","chr5:173518915:A:C",5,172945918,173518915,"C",0.0241,0.953529954532126,2.62621706722019e-05,-0.0107931593978899,"5q35.2","CTB-164N12.1","C","A",0.23,0.0362,6.038e-05,"rs889017"
"107","rs890863","chr19:50722287:A:G",19,51225544,50722287,"G",0.0229,0.962817434979452,2.26002902527634e-05,-0.00150567895056408,"19q13.33","CLEC11A","G","A",0.656,-0.0023,0.7805,"rs890863"
"108","rs926309","chr6:15462908:T:G",6,15463139,15462908,"T",0.0264,0.957563312333117,2.47148614739176e-05,-0.00675980159689871,"6p22.3","JARID2","T","G",0.374,0.0066,0.4144,"rs926309"
"109","rs9325569","chr10:120871555:G:A",10,122631067,120871555,"A",0.0509,0.95728882612538,2.45365959992891e-05,-0.00703428780463544,"10q26.12","WDR11","A","G",0.34,0.0153,0.05196,"rs9325569"
"110","rs9889266","chr17:12652943:C:A",17,12556260,12652943,"C",0.0226,0.960875061025172,2.35164462137792e-05,-0.00344805290484407,"17p12","LINC00670","C","A",0.574,0.016,0.03928,"rs9889266"
"111","rs9933507","chr16:11107571:T:C",16,11201428,11107571,"C",0.0226,0.971779179135548,1.94232534181017e-05,0.00745606520553244,"16p13.13","CLEC16A","C","T",0.43,-0.0048,0.5404,"rs9933507"
"112","rs9968429","chr4:145969109:A:G",4,146890261,145969109,"G",0.0318,0.951814157774874,2.68092013888895e-05,-0.0125089561551415,"4q31.22","Y_RNA","G","A",0.37,0.0197,0.01054,"rs9968429"
